invoice_id,customer_name,customer_segment,vendor_name,invoice_amount,invoice_date,due_date,payment_date,payment_status,anomaly_reason
INV-2026-00608,Lumen Software,SMB,TradeLedger Finance,-8689.93,2026-01-17,2026-02-16,,Outstanding,non_positive_invoice_amount
INV-2026-00911,Pinnacle Insurance,Mid-Market,PayFlow Technologies,-34393.99,2026-03-31,2026-05-15,,Outstanding,non_positive_invoice_amount
INV-2026-01226,Vertex Biotech,Enterprise,TradeLedger Finance,43648.45,2026-03-13,2026-03-08,,Outstanding,due_date_before_invoice_date
INV-2026-01790,Lumen Software,SMB,GreenLedger Systems,2294.27,2025-01-25,2025-01-20,2025-02-18,Paid,due_date_before_invoice_date
INV-2026-01869,Cascade Foods,Mid-Market,NetScale Partners,39436.78,2025-06-22,2025-06-17,,Outstanding,due_date_before_invoice_date
INV-2026-01988,Juniper Consulting,Mid-Market,DataPipe Solutions,25290.04,2025-12-10,2025-12-05,2026-01-28,Late,due_date_before_invoice_date
INV-2026-00166,Brightline Retail,SMB,SupplyChain Pro,8191.95,2025-04-14,2025-05-14,2025-04-12,Paid,payment_date_before_invoice_date
INV-2026-01689,Horizon Media,Mid-Market,WorkCapital Hub,8342.57,2025-10-09,2025-11-23,2025-10-07,Outstanding,payment_date_before_invoice_date
INV-2026-01689,Horizon Media,Mid-Market,WorkCapital Hub,8342.57,2025-10-09,2025-11-23,2025-10-07,Outstanding,outstanding_with_payment_date
